-5QrBL6MzLg_60.000_70.000.wav	60.000	70.000
-E0shPRxAbo_30.000_40.000.wav	30.000	40.000	Car
-GCwoyCnYsY_0.000_10.000.wav	0.000	10.000
-Gbohom8C4Q_30.000_40.000.wav	30.000	40.000
-Qfk_Q2ctBs_30.000_40.000.wav	30.000	40.000
-Wd1pV7UjWg_60.000_70.000.wav	60.000	70.000
-Zq22n4OewA_30.000_40.000.wav	30.000	40.000
-jj2tyuf6-A_80.000_90.000.wav	80.000	90.000
-nGBPqlRNg4_30.000_40.000.wav	30.000	40.000
-u9BxBNcrw4_30.000_40.000.wav	30.000	40.000
-zqW9xCZd80_260.000_270.000.wav	260.000	270.000
02w3vd_GgF0_390.000_400.000.wav	390.000	400.000
0HqeYIREv8M_30.000_40.000.wav	30.000	40.000
0IpYF91Fdt0_80.000_90.000.wav	80.000	90.000
0NaZejdABG0_90.000_100.000.wav	90.000	100.000	Car
0RurXUfKyow_4.000_14.000.wav	4.000	14.000
0_HnD-rW3lI_170.000_180.000.wav	170.000	180.000
10i60V1RZkQ_210.000_220.000.wav	210.000	220.000	Train
1FJY5X1iY9I_170.000_180.000.wav	170.000	180.000
1S5WKCcf-wU_40.000_50.000.wav	40.000	50.000
1U0Ty6CW6AM_40.000_50.000.wav	40.000	50.000
1hQLr88iCvg_30.000_40.000.wav	30.000	40.000
1iUXERALOOs_190.000_200.000.wav	190.000	200.000
1iWFlLpixKU_5.000_15.000.wav	5.000	15.000
1oJAVJPX0YY_20.000_30.000.wav	20.000	30.000
26dNsDuIt9Q_340.000_350.000.wav	340.000	350.000
2BMHsKLcb7E_90.000_100.000.wav	90.000	100.000	Train
2RpOd9MJjyQ_10.000_20.000.wav	10.000	20.000
2U4wSdl10to_200.000_210.000.wav	200.000	210.000	Car
2aBV6AZt5nk_570.000_580.000.wav	570.000	580.000
-8baTnilyjs_30.000_40.000.wav	30.000	40.000
-jG26jT3fP8_230.000_240.000.wav	230.000	240.000
-v7cUxke-f4_30.000_40.000.wav	30.000	40.000	Civil defense siren
-yeWlsEpcpA_15.000_25.000.wav	15.000	25.000
04KOunVOkSA_30.000_40.000.wav	30.000	40.000	Civil defense siren
08y2LHhxmsM_400.000_410.000.wav	400.000	410.000
0G73yqtBwgE_11.000_21.000.wav	11.000	21.000	Car
0UPY7ws-VFs_10.000_20.000.wav	10.000	20.000	Air horn, truck horn
0euD32aKYUs_10.000_20.000.wav	10.000	20.000	Air horn, truck horn
1T1i2rny8RU_30.000_40.000.wav	30.000	40.000
1iRgwn7p0DA_30.000_40.000.wav	30.000	40.000
1myTsHAIvYc_30.000_40.000.wav	30.000	40.000	Civil defense siren
1z0XoG6GEv4_420.000_430.000.wav	420.000	430.000
2KmSuPb9gwA_24.000_34.000.wav	24.000	34.000
2Vy5NCEkg2I_30.000_40.000.wav	30.000	40.000
2ZciT0XrifM_0.000_8.000.wav	0.000	8.000
2jOzX06bzuA_16.000_26.000.wav	16.000	26.000	Car
35EOmSMTQ6I_30.000_40.000.wav	30.000	40.000	Civil defense siren
3YaLkgUMhAA_110.000_120.000.wav	110.000	120.000	Car
3ntFslTK6hM_90.000_100.000.wav	90.000	100.000
3rGOv4evODE_20.000_30.000.wav	20.000	30.000
42U7xIucU68_20.000_30.000.wav	20.000	30.000	Air horn, truck horn
46r7mO2k6zY_30.000_40.000.wav	30.000	40.000
4EBnb2DN3Yg_13.000_23.000.wav	13.000	23.000
4NTjS5pFfSc_30.000_40.000.wav	30.000	40.000
4bvfOnX7BIE_30.000_40.000.wav	30.000	40.000	Car
4l78f9VZ9uE_30.000_40.000.wav	30.000	40.000	Fire engine, fire truck (siren)
-ajCLjpfGKI_83.000_93.000.wav	83.000	93.000
-hLSc9aPOms_13.000_23.000.wav	13.000	23.000
-rgDWfvxxqw_30.000_40.000.wav	30.000	40.000
0C3kqtF76t8_50.000_60.000.wav	50.000	60.000	Car
0Hz4R_m0hmI_80.000_90.000.wav	80.000	90.000
0ZPafgZftWk_80.000_90.000.wav	80.000	90.000	Car
0npLQ4LzD0c_40.000_50.000.wav	40.000	50.000
17VuPl9Wxvs_20.000_30.000.wav	20.000	30.000
3HxQ83IMyw4_70.000_80.000.wav	70.000	80.000
3z05luLEc_Q_0.000_10.000.wav	0.000	10.000
4A1Ar1TIXIY_30.000_40.000.wav	30.000	40.000
4Kpklmj-ze0_53.000_63.000.wav	53.000	63.000	Car
4h01lBkTVQY_18.000_28.000.wav	18.000	28.000	Car
5-SzZotiaBU_30.000_40.000.wav	30.000	40.000
54PbkldEp9M_30.000_40.000.wav	30.000	40.000	Car
5P6YYsMaIH4_30.000_40.000.wav	30.000	40.000
5tzTahLHylw_70.000_80.000.wav	70.000	80.000	Car
7DC3HtNi4fU_160.000_170.000.wav	160.000	170.000	Police car (siren)
7NJ5TbNEIvA_250.000_260.000.wav	250.000	260.000
7NZ0kMj2HSI_54.000_64.000.wav	54.000	64.000
7RQpt1_1ZzU_30.000_40.000.wav	30.000	40.000
7ee54nr6jG8_30.000_40.000.wav	30.000	40.000	Car
8OajsyPSNt8_40.000_50.000.wav	40.000	50.000
9fCibkUT_gQ_30.000_40.000.wav	30.000	40.000
9fzeD7CeI7Y_110.000_120.000.wav	110.000	120.000	Car
9jYv9WuyknA_130.000_140.000.wav	130.000	140.000
A-GNszKtjJc_93.000_103.000.wav	93.000	103.000
A437a4Y_xag_230.000_240.000.wav	230.000	240.000
APMPW2YI-Zk_20.000_30.000.wav	20.000	30.000
AR-KmtlXg4Y_70.000_80.000.wav	70.000	80.000
-60XojQWWoc_30.000_40.000.wav	30.000	40.000
-6d-zxMvC5E_30.000_40.000.wav	30.000	40.000	Car
-6qSMlbJJ58_30.000_40.000.wav	30.000	40.000
-8OITuFZha8_30.000_40.000.wav	30.000	40.000
-8n2NqDFRko_30.000_40.000.wav	30.000	40.000	Car
-AIrHVeCgtM_30.000_40.000.wav	30.000	40.000
-AVzYvKHwPg_30.000_40.000.wav	30.000	40.000	Car
-AXDeY-N2_M_30.000_40.000.wav	30.000	40.000
-B1uzsLG0Dk_30.000_40.000.wav	30.000	40.000
-BM_EAszxBg_30.000_40.000.wav	30.000	40.000
-Em3OpyaefM_30.000_40.000.wav	30.000	40.000
-FWkB2IDMhc_30.000_40.000.wav	30.000	40.000
-SP7KWmTRUU_30.000_40.000.wav	30.000	40.000	Car
-h4or05bj_I_30.000_40.000.wav	30.000	40.000
-oV6dQu5tZo_30.000_40.000.wav	30.000	40.000
-r8mfjRiHrU_30.000_40.000.wav	30.000	40.000
-s9kwrRilOY_30.000_40.000.wav	30.000	40.000	Truck
-uMiGr6xvRA_30.000_40.000.wav	30.000	40.000
-x70B12Mb-8_30.000_40.000.wav	30.000	40.000
-xYsfYZOI-Y_30.000_40.000.wav	30.000	40.000
-zxrdL6MlKI_30.000_40.000.wav	30.000	40.000
03xMfqt4fZI_24.000_34.000.wav	24.000	34.000	Car
0E4AqW9dmdk_30.000_40.000.wav	30.000	40.000
0FQo-2xRJ0E_30.000_40.000.wav	30.000	40.000
0HmiH-wKLB4_30.000_40.000.wav	30.000	40.000	Car
0KskqFt3DoY_15.000_25.000.wav	15.000	25.000
0OiPtV9sd_w_30.000_40.000.wav	30.000	40.000	Car
0P-YGHC5cBU_30.000_40.000.wav	30.000	40.000
0QKet-tdquc_30.000_40.000.wav	30.000	40.000
0VnoYVqd-yo_30.000_40.000.wav	30.000	40.000	Car
-5px8DVPl8A_28.000_38.000.wav	28.000	38.000
-D08wyQwDPQ_10.000_20.000.wav	10.000	20.000	Car
-F1_Gh78vJ0_30.000_40.000.wav	30.000	40.000
-FZQIkX44Pk_10.000_20.000.wav	10.000	20.000
-FsvS99nWTc_30.000_40.000.wav	30.000	40.000
-Holdef_BZ0_30.000_40.000.wav	30.000	40.000
-Inn26beF70_30.000_40.000.wav	30.000	40.000
-Jq9HNSs_ns_14.000_24.000.wav	14.000	24.000
-KlN_AXMM0Q_30.000_40.000.wav	30.000	40.000
-NCcqKWiGus_30.000_40.000.wav	30.000	40.000
-NNC_TqWfGw_30.000_40.000.wav	30.000	40.000
-OGFiXvmldM_30.000_40.000.wav	30.000	40.000	Car
-RFpDUZhN-g_13.000_23.000.wav	13.000	23.000
-XUfeRTw3b4_0.000_6.000.wav	0.000	6.000
-XoATxJ-Qcg_30.000_40.000.wav	30.000	40.000
-bFNxvFwDts_470.000_480.000.wav	470.000	480.000	Car
-e5PokL6Cyo_30.000_40.000.wav	30.000	40.000
-fNyOf9zIU0_30.000_40.000.wav	30.000	40.000
-fhpkRyZL90_30.000_40.000.wav	30.000	40.000
-fo3m0hiZbg_30.000_40.000.wav	30.000	40.000	Car
-ikJkNwcmkA_27.000_37.000.wav	27.000	37.000
-k2nMcxAjWE_30.000_40.000.wav	30.000	40.000
-k80ibA-fyw_30.000_40.000.wav	30.000	40.000	Bicycle
-lBcEVa_NKw_30.000_40.000.wav	30.000	40.000	Bicycle
-mQyAYU_Bd4_50.000_60.000.wav	50.000	60.000	Bicycle
-ngrinYHF4c_30.000_40.000.wav	30.000	40.000
-nqm_RJ2xj8_40.000_50.000.wav	40.000	50.000
-oAw5iTeT1g_40.000_50.000.wav	40.000	50.000	Bicycle
-p2EMzpTE38_4.000_14.000.wav	4.000	14.000
-qmfWP_yzn4_30.000_40.000.wav	30.000	40.000
-0DIFwkUpjQ_50.000_60.000.wav	50.000	60.000
-53qltVyjpc_180.000_190.000.wav	180.000	190.000	Car
-5y4jb9eUWs_110.000_120.000.wav	110.000	120.000	Car
-81kolkG8M0_0.000_8.000.wav	0.000	8.000
-9dwTSq6JZg_70.000_80.000.wav	70.000	80.000
-9oKZsjjf_0_20.000_30.000.wav	20.000	30.000
-AFGfu5zOzQ_30.000_40.000.wav	30.000	40.000	Skateboard
-DHGwygUsQc_30.000_40.000.wav	30.000	40.000
-DkuTmIs7_Q_30.000_40.000.wav	30.000	40.000
-E1E17R7UBA_260.000_270.000.wav	260.000	270.000
-E1aIXhB4YU_30.000_40.000.wav	30.000	40.000	Skateboard
-McJLXNN3-o_50.000_60.000.wav	50.000	60.000	Skateboard
-N7nQ4CXGsY_170.000_180.000.wav	170.000	180.000
-O5vrHFRzcY_30.000_40.000.wav	30.000	40.000
-Plh9jAN_Eo_0.000_2.000.wav	0.000	2.000	Car
-Qd_dXTbgK0_30.000_40.000.wav	30.000	40.000	Skateboard
-aVZ-H92M_s_0.000_4.000.wav	0.000	4.000
-cd-Zn8qFxU_90.000_100.000.wav	90.000	100.000	Skateboard
-esP4loyvjM_60.000_70.000.wav	60.000	70.000
-iB3a71aPew_30.000_40.000.wav	30.000	40.000
-lZapwtvwlg_0.000_10.000.wav	0.000	10.000
-mxMaMJCXL8_180.000_190.000.wav	180.000	190.000
-nYGTw9Sypg_20.000_30.000.wav	20.000	30.000	Skateboard
-oS19KshdlM_30.000_40.000.wav	30.000	40.000
-s6uxc77NWo_40.000_50.000.wav	40.000	50.000	Skateboard
-sCrXS2kJlA_30.000_40.000.wav	30.000	40.000
-saCvPTdQ7s_30.000_40.000.wav	30.000	40.000
-sb-knLiDic_20.000_30.000.wav	20.000	30.000
-tSwRvqaKWg_90.000_100.000.wav	90.000	100.000
-x_jV34hVq4_30.000_40.000.wav	30.000	40.000	Skateboard
--ljM2Kojag_30.000_40.000.wav	30.000	40.000
-4F1TX-T6T4_30.000_40.000.wav	30.000	40.000	Police car (siren)
-7HVWUwyMig_30.000_40.000.wav	30.000	40.000
-9pUUT-6o8U_30.000_40.000.wav	30.000	40.000
-Ei2LE71Dfg_20.000_30.000.wav	20.000	30.000
-LGTb-xyjzA_11.000_21.000.wav	11.000	21.000
-Y1qiiugnk8_30.000_40.000.wav	30.000	40.000
-YsrLG2K1TE_30.000_40.000.wav	30.000	40.000
-ZeMV790MXE_10.000_20.000.wav	10.000	20.000
-d-T8Y9-TOg_17.000_27.000.wav	17.000	27.000
-dcrL5JLmvo_11.000_21.000.wav	11.000	21.000
-fCSO8SVWZU_6.000_16.000.wav	6.000	16.000
-fGFQTGd2nA_10.000_20.000.wav	10.000	20.000	Police car (siren)
-hA1yMrEXz0_10.000_20.000.wav	10.000	20.000	Police car (siren)
-jnQgpHubNI_30.000_40.000.wav	30.000	40.000
-k6p9n9y22Q_30.000_40.000.wav	30.000	40.000
-kr4SUjnm88_29.000_39.000.wav	29.000	39.000
-lyPnABQhCI_30.000_40.000.wav	30.000	40.000
-od8LQAVgno_30.000_40.000.wav	30.000	40.000	Fire engine, fire truck (siren)
-pVEgzu95Nc_30.000_40.000.wav	30.000	40.000
-w-9yF465IY_30.000_40.000.wav	30.000	40.000
-woquFRnQk8_16.000_26.000.wav	16.000	26.000
-xz75wUCln8_50.000_60.000.wav	50.000	60.000
-yGElLHdkEI_30.000_40.000.wav	30.000	40.000
-yPSgCn9AWo_30.000_40.000.wav	30.000	40.000
-z8jsgl3iHE_30.000_40.000.wav	30.000	40.000
00H_s-krtg8_30.000_40.000.wav	30.000	40.000
02u3P99INjs_8.000_18.000.wav	8.000	18.000
06RreMb5qbE_0.000_10.000.wav	0.000	10.000
0EPK7Pv_lbE_30.000_40.000.wav	30.000	40.000
-0Eem_FuIto_15.000_25.000.wav	15.000	25.000
-2sT5oBBWWY_30.000_40.000.wav	30.000	40.000
-45cKZA7Jww_30.000_40.000.wav	30.000	40.000
-4B435WQvag_20.000_30.000.wav	20.000	30.000
-6qhtwdfGOA_23.000_33.000.wav	23.000	33.000	Police car (siren)
-8uyNBFbdFc_30.000_40.000.wav	30.000	40.000	Police car (siren)
-Jsu4dbuO4A_30.000_40.000.wav	30.000	40.000
-KsPTvgJJVE_350.000_360.000.wav	350.000	360.000
-PRrNx6_MD0_16.000_26.000.wav	16.000	26.000	Fire engine, fire truck (siren)
-QBo1W2w8II_30.000_40.000.wav	30.000	40.000
-QX-ddNtUvE_24.000_34.000.wav	24.000	34.000	Fire engine, fire truck (siren)
-RlUu1el2G4_30.000_40.000.wav	30.000	40.000
-SkO97C81Ms_30.000_40.000.wav	30.000	40.000
-T8QHPXfIC4_13.000_23.000.wav	13.000	23.000	Police car (siren)
-USiTjZoh88_30.000_40.000.wav	30.000	40.000
-X0vNLwH1C0_30.000_40.000.wav	30.000	40.000	Fire engine, fire truck (siren)
-Z3ByS_RCwI_30.000_40.000.wav	30.000	40.000
-ZtZOcg3s7M_30.000_40.000.wav	30.000	40.000
-cOjJ0Nvtlw_23.000_33.000.wav	23.000	33.000
-cbYvBBXE6A_12.000_22.000.wav	12.000	22.000	Car
-eYUCWGQ_wU_30.000_40.000.wav	30.000	40.000
-hplTh4SGvs_90.000_100.000.wav	90.000	100.000
-nPhg6Eu4b4_30.000_40.000.wav	30.000	40.000	Police car (siren)
-oCvKmNbhl0_30.000_40.000.wav	30.000	40.000	Fire engine, fire truck (siren)
-oEGuMg8hT4_30.000_40.000.wav	30.000	40.000
-pvaJ4DwtRg_3.000_13.000.wav	3.000	13.000	Fire engine, fire truck (siren)
-qKRKDTbt4c_30.000_40.000.wav	30.000	40.000
-sJn3uUxpH8_30.000_40.000.wav	30.000	40.000
-sfn1NDHWJI_30.000_40.000.wav	30.000	40.000
-09rxiqNNEs_30.000_40.000.wav	30.000	40.000
-3qh-WFUV2U_30.000_40.000.wav	30.000	40.000
-4JG_Ag99hY_30.000_40.000.wav	30.000	40.000	Civil defense siren
-60NmEaP0is_0.000_10.000.wav	0.000	10.000
-6cTEqIcics_30.000_40.000.wav	30.000	40.000
-6iVBmb5PZU_40.000_50.000.wav	40.000	50.000
-6qp8NjWffE_30.000_40.000.wav	30.000	40.000	Civil defense siren
-75iY1j3MeY_30.000_40.000.wav	30.000	40.000	Civil defense siren
-E3Yju3lrRo_30.000_40.000.wav	30.000	40.000	Civil defense siren
-FHSBdx5A3g_40.000_50.000.wav	40.000	50.000
-JhSzxTdcwY_30.000_40.000.wav	30.000	40.000	Civil defense siren
-OtNDK_Hxp8_30.000_40.000.wav	30.000	40.000	Civil defense siren
-S3_I0RiG3g_30.000_40.000.wav	30.000	40.000	Civil defense siren
-YMXgDKKAwU_30.000_40.000.wav	30.000	40.000	Civil defense siren
-c7XoYM-SSY_30.000_40.000.wav	30.000	40.000	Civil defense siren
-j8EeIX9ynk_30.000_40.000.wav	30.000	40.000
-t478yabOQw_30.000_40.000.wav	30.000	40.000	Fire engine, fire truck (siren)
-uIyMR9luvg_30.000_40.000.wav	30.000	40.000	Civil defense siren
-wgP6ua-t4k_40.000_50.000.wav	40.000	50.000	Civil defense siren
-zGAb18JxmI_30.000_40.000.wav	30.000	40.000
03NLMEMi8-I_30.000_40.000.wav	30.000	40.000	Civil defense siren
0552YhBdeXo_30.000_40.000.wav	30.000	40.000
06TM6z3NvuY_30.000_40.000.wav	30.000	40.000	Civil defense siren
0CUi0oGUzjU_30.000_40.000.wav	30.000	40.000	Civil defense siren
0GpUFFJNFH8_30.000_40.000.wav	30.000	40.000
0H_WUo2srs0_30.000_40.000.wav	30.000	40.000
0HvYkBXQ44A_30.000_40.000.wav	30.000	40.000	Civil defense siren
0I6Mlp27_gM_30.000_40.000.wav	30.000	40.000
0JKcTVpby0I_30.000_40.000.wav	30.000	40.000	Civil defense siren
0PhU-PIsUMw_40.000_50.000.wav	40.000	50.000
-122tCXtFhU_30.000_40.000.wav	30.000	40.000
-1U98XBTyB4_30.000_40.000.wav	30.000	40.000	Fire engine, fire truck (siren)
-2GlU3e0nTU_170.000_180.000.wav	170.000	180.000
-6WqJCSmkCw_70.000_80.000.wav	70.000	80.000
-AF7wp3ezww_140.000_150.000.wav	140.000	150.000
-AFASmp1fpk_6.000_16.000.wav	6.000	16.000	Police car (siren)
-F2lk9A8B8M_30.000_40.000.wav	30.000	40.000
-GPv09qi9A8_120.000_130.000.wav	120.000	130.000
-Hi-WpRGUpc_9.000_19.000.wav	9.000	19.000	Police car (siren)
-MfBpxtGQmE_20.000_30.000.wav	20.000	30.000	Police car (siren)
-Pg4vVPs4bE_30.000_40.000.wav	30.000	40.000
-UCf_-3yzWU_290.000_300.000.wav	290.000	300.000
-VULyMtKazE_0.000_7.000.wav	0.000	7.000	Car
-XRiLbb3Syo_2.000_12.000.wav	2.000	12.000	Police car (siren)
-XrpzGb6xCU_190.000_200.000.wav	190.000	200.000	Police car (siren)
-_8fdnv6Crg_30.000_40.000.wav	30.000	40.000
-az6BooRLxw_40.000_50.000.wav	40.000	50.000
-bs3c27rEtc_30.000_40.000.wav	30.000	40.000	Police car (siren)
-dBTGdL4RFs_30.000_40.000.wav	30.000	40.000	Police car (siren)
-gKNRXbpAKs_30.000_40.000.wav	30.000	40.000
-haSUR_IUto_30.000_40.000.wav	30.000	40.000
-l-DEfDAvNA_30.000_40.000.wav	30.000	40.000
-lWs7_49gss_30.000_40.000.wav	30.000	40.000
-lhnhB4rbGw_3.000_13.000.wav	3.000	13.000
-rkJeBBmiTQ_60.000_70.000.wav	60.000	70.000
-rs7FPxzc6w_8.000_18.000.wav	8.000	18.000
-20uudT97E0_30.000_40.000.wav	30.000	40.000
-3bGlOhRkAo_140.000_150.000.wav	140.000	150.000
-4pUrlMafww_1.000_11.000.wav	1.000	11.000
-7R0ybQQAHg_60.000_70.000.wav	60.000	70.000
-7gojlG6bE4_30.000_40.000.wav	30.000	40.000
-GI5PbO6j50_30.000_40.000.wav	30.000	40.000
-MuIRudOtxw_30.000_40.000.wav	30.000	40.000
-WfQBr42ymw_30.000_40.000.wav	30.000	40.000
-YOjIgYspsY_30.000_40.000.wav	30.000	40.000	Car
-g_AcRVFfXU_30.000_40.000.wav	30.000	40.000
-gb5uvwsRpI_30.000_40.000.wav	30.000	40.000
-iAwqlQ3TEk_0.000_3.000.wav	0.000	3.000	Screaming
-nJoxcmxz5g_30.000_40.000.wav	30.000	40.000
-pwgypWE-J8_30.000_40.000.wav	30.000	40.000
-pzasCR0kpc_30.000_40.000.wav	30.000	40.000
-sUgHKZQKYc_30.000_40.000.wav	30.000	40.000
-uazzQEmQ7c_0.000_10.000.wav	0.000	10.000
-vHJU1wDRsY_30.000_40.000.wav	30.000	40.000
0-RnTXpp8Q0_30.000_40.000.wav	30.000	40.000
09YQukdYVI4_30.000_40.000.wav	30.000	40.000
0Ees8KFCUXM_30.000_40.000.wav	30.000	40.000
0EymGuYWkFk_30.000_40.000.wav	30.000	40.000
0Nw1OyTsaAo_30.000_40.000.wav	30.000	40.000
0YnOMAls83g_30.000_40.000.wav	30.000	40.000
0_gyUQkLCY8_30.000_40.000.wav	30.000	40.000
0_hnDV2SHBI_7.000_17.000.wav	7.000	17.000
0cqEaAkbrbI_80.000_90.000.wav	80.000	90.000
0hC044mDsWA_30.000_40.000.wav	30.000	40.000	Car
0kQANiakiH0_30.000_40.000.wav	30.000	40.000
0rVBXpbgO8s_30.000_40.000.wav	30.000	40.000
---lTs1dxhU_30.000_40.000.wav	30.000	40.000
--330hg-Ocw_30.000_40.000.wav	30.000	40.000	Car
--8puiAGLhs_30.000_40.000.wav	30.000	40.000
--9VR_F7CtY_30.000_40.000.wav	30.000	40.000	Car
--F70LWypIg_30.000_40.000.wav	30.000	40.000
--P4wuph3Mc_0.000_8.000.wav	0.000	8.000	Car
--QvRbvnbUE_30.000_40.000.wav	30.000	40.000
--SeOZy3Yik_30.000_40.000.wav	30.000	40.000	Car
--Zz7BgxSUg_30.000_40.000.wav	30.000	40.000	Car
--e0Vu_ruTc_30.000_40.000.wav	30.000	40.000	Car
--iFD6IyQW8_30.000_40.000.wav	30.000	40.000	Car
--jGnLqFsQ4_24.000_34.000.wav	24.000	34.000	Car
--jc0NAxK8M_30.000_40.000.wav	30.000	40.000	Car
--v1WjOJv-w_150.000_160.000.wav	150.000	160.000
--xDffQ9Mwo_30.000_40.000.wav	30.000	40.000	Car
--yaQA8d1dI_6.000_16.000.wav	6.000	16.000	Car
--zLzL0sq3M_30.000_40.000.wav	30.000	40.000	Car
-0-jXXldDOU_10.000_20.000.wav	10.000	20.000	Car
-03ld83JliM_29.000_39.000.wav	29.000	39.000	Car
-0B-egfXU7E_30.000_40.000.wav	30.000	40.000	Car
-0Bkyt8iZ1I_8.000_18.000.wav	8.000	18.000
-0CIk-OOp7Y_30.000_40.000.wav	30.000	40.000	Car
-0CRb8H4hzY_4.000_14.000.wav	4.000	14.000
-0CY5NWBHyY_20.000_30.000.wav	20.000	30.000	Car
-0HsrVfb5vc_20.000_30.000.wav	20.000	30.000	Car
-0I89-H0AFo_26.000_36.000.wav	26.000	36.000	Car
-0P6VDQ1YDs_80.000_90.000.wav	80.000	90.000	Car
-0PrEsytvc0_30.000_40.000.wav	30.000	40.000
-0RqnaXZu_E_30.000_40.000.wav	30.000	40.000
-0Yynyhm1AY_14.000_24.000.wav	14.000	24.000
--zbPxnl27o_20.000_30.000.wav	20.000	30.000
-0MnD7jBvkE_0.000_4.000.wav	0.000	4.000	Car
-0U3c4PN8sc_30.000_40.000.wav	30.000	40.000	Car
-10fWp7Pqs4_30.000_40.000.wav	30.000	40.000
-14BFlDzjS4_6.000_16.000.wav	6.000	16.000	Car
-15nPYi2v1g_30.000_40.000.wav	30.000	40.000
-19pq3HJoBM_30.000_40.000.wav	30.000	40.000	Car
-1BrkFLHD74_19.000_29.000.wav	19.000	29.000	Car
-1HlfoHZCEE_6.000_16.000.wav	6.000	16.000	Car
-1McjOPUzbo_30.000_40.000.wav	30.000	40.000	Car
-1sGSNmgiPs_4.000_14.000.wav	4.000	14.000	Car
-2-luek6dI8_30.000_40.000.wav	30.000	40.000	Car
-21-RfxQscI_30.000_40.000.wav	30.000	40.000
-25LkbSjEos_30.000_40.000.wav	30.000	40.000	Car
-2LJWaL2PuA_30.000_40.000.wav	30.000	40.000	Car
-2ZbvsBSZmY_2.000_12.000.wav	2.000	12.000
-2cz2qQDmr4_30.000_40.000.wav	30.000	40.000	Car
-31KUAOSg5U_5.000_15.000.wav	5.000	15.000
-35qBdzN9ck_30.000_40.000.wav	30.000	40.000	Car
-3929cmVE20_30.000_40.000.wav	30.000	40.000	Car
-3M-k4nIYIM_30.000_40.000.wav	30.000	40.000	Car
-3MNphBfq_0_30.000_40.000.wav	30.000	40.000	Car
-3_RSVYKkkk_30.000_40.000.wav	30.000	40.000	Car
-3exNVlj92w_30.000_40.000.wav	30.000	40.000	Car
--0w1YA1Hm4_30.000_40.000.wav	30.000	40.000	Car
-0_vEaaXndY_11.000_21.000.wav	11.000	21.000
-5GcZwBvBdI_30.000_40.000.wav	30.000	40.000
-5digoPWn6U_8.000_18.000.wav	8.000	18.000	Car
-79l4w4DsYM_30.000_40.000.wav	30.000	40.000
-7B4pbkIEas_30.000_40.000.wav	30.000	40.000	Car
-8YTu7ZGA2w_30.000_40.000.wav	30.000	40.000
-93IM29_8rs_14.000_24.000.wav	14.000	24.000	Car
-9GhPxGkpio_26.000_36.000.wav	26.000	36.000
-9J9xs7LM9Y_25.000_35.000.wav	25.000	35.000
-AY_lZLYJR8_8.000_18.000.wav	8.000	18.000
-AdQBgtN_4E_30.000_40.000.wav	30.000	40.000
-BxfsWlPUPY_30.000_40.000.wav	30.000	40.000
-CgCr8Eknm0_14.000_24.000.wav	14.000	24.000	Bus
-CnsvTDIXdE_20.000_30.000.wav	20.000	30.000
-CpMlnGhxEU_0.000_9.000.wav	0.000	9.000	Car
-DP_cv0x_Ng_30.000_40.000.wav	30.000	40.000	Car
-FEXRjcryZE_30.000_40.000.wav	30.000	40.000
-Fp2-w-iLiE_20.000_30.000.wav	20.000	30.000
-GLk6G9U09A_30.000_40.000.wav	30.000	40.000
-Ga9sSkpngg_30.000_40.000.wav	30.000	40.000
-H8V23dZoLo_0.000_10.000.wav	0.000	10.000
-HeQfwKbFzg_30.000_40.000.wav	30.000	40.000
-HzzEuFBiDU_30.000_40.000.wav	30.000	40.000
-I4INTpMKT4_30.000_40.000.wav	30.000	40.000	Car
-II-7qJxKPc_21.000_31.000.wav	21.000	31.000
-LnpzyfTkF8_30.000_40.000.wav	30.000	40.000
-OgRshQfsi8_30.000_40.000.wav	30.000	40.000	Car
-P53lJ1ViWk_30.000_40.000.wav	30.000	40.000
-PvNUvEov4Q_30.000_40.000.wav	30.000	40.000
--12UOziMF0_30.000_40.000.wav	30.000	40.000
--73E04RpiQ_0.000_9.000.wav	0.000	9.000	Car
--J947HxQVM_0.000_9.000.wav	0.000	9.000
--bD1DVKlzQ_30.000_40.000.wav	30.000	40.000	Car
--ivFZu-hlc_30.000_40.000.wav	30.000	40.000	Car
--wuU7kzB5o_30.000_40.000.wav	30.000	40.000	Car
-0B_CYyG5Dg_30.000_40.000.wav	30.000	40.000	Car
-0JqTq_4jaE_40.000_50.000.wav	40.000	50.000	Car
-0MrEZKJ5MQ_30.000_40.000.wav	30.000	40.000
-0awng26xQ8_30.000_40.000.wav	30.000	40.000
-0dq1Vg9rd8_30.000_40.000.wav	30.000	40.000	Truck
-0wkq7CUYME_310.000_320.000.wav	310.000	320.000
-14RXdkqYuI_30.000_40.000.wav	30.000	40.000
-1B3CzpiW1M_30.000_40.000.wav	30.000	40.000
-1Q21cZhHDE_30.000_40.000.wav	30.000	40.000
-1ZXXnBXJ6c_8.000_18.000.wav	8.000	18.000
-1s0DWApvT8_30.000_40.000.wav	30.000	40.000	Car
-1s84_2Vn4g_30.000_40.000.wav	30.000	40.000
-26ansJluVo_30.000_40.000.wav	30.000	40.000	Car
-2EscdO0l-A_30.000_40.000.wav	30.000	40.000	Car
-2NBZUCcvm0_30.000_40.000.wav	30.000	40.000	Car
-2vmprMUw10_30.000_40.000.wav	30.000	40.000
-2x4TB8VWvE_18.000_28.000.wav	18.000	28.000
-39q4y0tt-g_30.000_40.000.wav	30.000	40.000
-3N5rjPrNCc_190.000_200.000.wav	190.000	200.000
-3NcUIyJtFY_30.000_40.000.wav	30.000	40.000
-3PplV0ErOk_30.000_40.000.wav	30.000	40.000
-3gSkrDKNSA_27.000_37.000.wav	27.000	37.000	Car
--p-rk_HBuU_30.000_40.000.wav	30.000	40.000
-1WK72M4xeg_220.000_230.000.wav	220.000	230.000	Car
-1XfuJcdvfg_30.000_40.000.wav	30.000	40.000	Car
-3XWBAmjmaQ_11.000_21.000.wav	11.000	21.000	Car
-4-87UgJcUw_70.000_80.000.wav	70.000	80.000	Motorcycle
-4D3Gkyisyc_30.000_40.000.wav	30.000	40.000	Car
-5k5GyHd2So_4.000_14.000.wav	4.000	14.000	Car
-6A2L1U9b5Y_54.000_64.000.wav	54.000	64.000	Car
-6Yfati1N10_80.000_90.000.wav	80.000	90.000	Car
-7_o_GhpZpM_12.000_22.000.wav	12.000	22.000	Car
-7rZwMK6uSs_70.000_80.000.wav	70.000	80.000	Car
-85f5DKKfSo_30.000_40.000.wav	30.000	40.000	Car
-9Smdrt5zwk_40.000_50.000.wav	40.000	50.000
-9gZLVDKpnE_30.000_40.000.wav	30.000	40.000
-BGebo8V4XY_30.000_40.000.wav	30.000	40.000	Car
-DdiduB5B_w_190.000_200.000.wav	190.000	200.000	Car
-HIPq7T3eFI_11.000_21.000.wav	11.000	21.000	Car
-H_3oEkKe0M_50.000_60.000.wav	50.000	60.000
-HmuMoykRqA_500.000_510.000.wav	500.000	510.000
-IMRE_psvtI_30.000_40.000.wav	30.000	40.000	Motorcycle
-Ie4LSPDEF4_6.000_16.000.wav	6.000	16.000	Car
-J0F29UCZiA_70.000_80.000.wav	70.000	80.000	Motorcycle
-KFCJ7ydu2E_0.000_10.000.wav	0.000	10.000	Motorcycle
-KmDAgYb0Uo_100.000_110.000.wav	100.000	110.000
-P7iW3WzNfc_400.000_410.000.wav	400.000	410.000
-QMAKXzIGx4_10.000_20.000.wav	10.000	20.000
-S-5z2vYtxw_10.000_20.000.wav	10.000	20.000	Motorcycle
-SlL0NZh51w_30.000_40.000.wav	30.000	40.000
-US2mpJxbj4_30.000_40.000.wav	30.000	40.000	Car
-VO-C9C0uqY_1.000_11.000.wav	1.000	11.000	Car
--H_-CEB2wA_30.000_40.000.wav	30.000	40.000
-1VsFy0eVJs_30.000_40.000.wav	30.000	40.000
-1X7kpLnOpM_60.000_70.000.wav	60.000	70.000
-3FIglJti0s_30.000_40.000.wav	30.000	40.000
-6KOEEiAf9s_19.000_29.000.wav	19.000	29.000	Car
-97l_c6PToE_30.000_40.000.wav	30.000	40.000
-9S5Z-uciLo_70.000_80.000.wav	70.000	80.000
-CkgGfKepO4_140.000_150.000.wav	140.000	150.000
-JpQivta6MQ_20.000_30.000.wav	20.000	30.000	Car
-K9oTZj3mVQ_30.000_40.000.wav	30.000	40.000
-KjE40DlSdU_0.000_10.000.wav	0.000	10.000
-NrFtZ_xxFU_30.000_40.000.wav	30.000	40.000	Train
-PYRamK58Ss_0.000_10.000.wav	0.000	10.000
-P_XDJt4p_s_30.000_40.000.wav	30.000	40.000
-Pjylzex7oc_350.000_360.000.wav	350.000	360.000
-QHuZGmIy_I_30.000_40.000.wav	30.000	40.000	Car
-RXKRoRPWXg_30.000_40.000.wav	30.000	40.000
-VH414svzI0_30.000_40.000.wav	30.000	40.000
-WFdYxE-PYI_30.000_40.000.wav	30.000	40.000
-XcC-UlbcRA_30.000_40.000.wav	30.000	40.000
-Y2cD8xvCHI_30.000_40.000.wav	30.000	40.000	Car
-ZKZkMHe3cY_70.000_80.000.wav	70.000	80.000	Car
-aZ7XC4LG2A_30.000_40.000.wav	30.000	40.000
-abVemAm9HM_430.000_440.000.wav	430.000	440.000
